{
    "epoch": 3.0,
    "eval_loss": 0.09211850166320801,
    "eval_runtime": 7.8772,
    "eval_samples_per_second": 157.416,
    "eval_steps_per_second": 19.677,
    "num_input_tokens_seen": 13630064,
    "total_flos": 2.269220618454958e+17,
    "train_loss": 0.14081658698969346,
    "train_runtime": 4631.1488,
    "train_samples_per_second": 15.257,
    "train_steps_per_second": 0.477
}